metric,kes
Total Processed,627776851.3100001
Total Refunds,30717263.11
Missing Settlements,163946556.96999997
Net Collected,433113031.2300001
