customer_id,refund_amount,amount,refund_count
12069,148585.16999999998,82777.09,2
95092,135179.34,46473.7,1
72759,93425.70000000001,93425.70000000001,3
73251,87300.98,43650.49,1
34956,85658.66,42829.33,1
60603,83312.77,83312.77,2
37222,80558.4,40279.2,1
11306,77180.9,38590.45,1
27010,76597.46,38298.73,1
25300,74828.18,37414.09,1
